없어진 상품 : 블로그 상위노출 월보장 / 지식인 상위노출 월보장 / 포스트 관련 상품 / 연관검색어 작업 / 지식인 배포								
매체	상품명	소비자가	원가(괄호 먹스타계좌 옮기기)	주의사항	비고	중요도	프로세스	비고
네이버	블로그 일반 체험단	₩ 30,000	₩ 8,000	방문형(5팀 이상 진행) / 배송형(10팀 이상 진행) / 공정위 문구 고지	준최적화급 / 최적화급 / 투데이급 등으로 세일즈 가능 /할인 가능	상	클라이언트에게 양식 받기->5-7일 모집/1일 선정/1일 명단발표/14-20일 체험,포스팅/ 2영업일 후 보고서 (약 1달 기간) _융통성 있게	1. 구매리뷰+블로그 포스팅 상품 : 50건 남음 2. 500만원 상당 자유 이용권 , 아래 금액으로 차감 -베이직 8,000원 -프리미엄 미검수 47,000원 -프리미엄 검수 97,000원 -구매리뷰 - 5,000원 + 제품비 + 제품비 3.3% -구매+포스팅 - 25,000원 +제품비 + 제품비 3.3%
네이버	블로그 프리미엄 체험단	협의	레뷰 협의	레뷰 충전식으로 진행 / 공정위 문구 고지	투데이 5000이상 레뷰 상품 별도 존재 건당 9~20만원 외주가로 기억	하	클라이언트에게 양식 받기->10일 모집 10일 체험 10일 포스팅 원칙_융통성 있게	
네이버	1세대 블로거 _케케케라인 12팀	₩ 3,000,000	₩ 2,700,000	단가가 유동적으로 오르는 경우가 있음 / 서울 벗어나는 곳들 교통비 추가	가이드 별도로 안줘도 될 정도의 자유도 주기	중	단톡 통해 일정 조율 및 진행	
네이버	프리미엄 블로그 4명 패키지	₩ 600,000	480000(200000)	전부다 프리미엄블로거라고 표현 X, 프리미엄블로거1명 상위급 블로거2명 유망주 블로거 1명 RP		상	단톡 일정 조율 및 진행	
네이버	VIP 블로그 4명 패키지	₩ 850,000	480000(200000)	전부 프리미엄 블로거 4명	차차 패키지 구성 늘려나가면 좋을듯.	상	이인선본부장님 구축해놓는 VIP블로거 4명 방문 조율	
네이버	블로그 기자단	₩ 60,000	₩ 15,000	공정위 문구 고지	준최적화급 / 최적화급 / 투데이급 등으로 세일즈 가능 /할인 가능	상	클라이언트에게 양식 받기->기자단 섭외-> 가이드 전달 및 포스팅 컨트롤	
네이버	블로그 일반 배포	₩ 10,000	₩ 3,000	30건이상 진행	글밥 500자 이상 / 할인 가능	상	가이드 및 사진 김대한대표에게 전달	
네이버	블로그 막블로그 배포	₩ 5,000	1440(1200)	30건단위 진행 요망	글밥 제한 없음 / 할인 가능	상	단톡에서 컨트롤	
네이버	푸드블로그	₩ 60,000	₩ -	노출 보장 등 하지 않기, CMO에 간간히 섞는거 추천	사내 푸드블로그 8개 존재	중	직접 포스팅	
네이버	자동완성어	₩ 250,000	₩ 100,000	25일 보장임 고지 / 중간에 막혀서 키워드 변경 가능성 고지		상	단톡방 컨트롤	
네이버	카페 여론형성형 침투 바이럴	₩ 50,000	₩ 9,000	조회수 보고	댓글,대댓글 작업까지	상	단톡방 컨트롤	
네이버	카페 월 배너광고	협의	협의	카페별 상이	클라이언트 마케팅 기획 믹스시 미리 카페측과 협의	하	카페와 대행가 협의->클라이언트 소통 및 디자인 컨펌 -> 배너 진행	
네이버	배창모 월 배너광고	₩ 50,000	₩ -	죽어있는 카페긴 함,클라이언트 서비스 및 어필용	연단위 50만원에 진행 가능	하	클라이언트 소통 및 디자인 컨펌 -> 배너 진행	
네이버	지식인 건바이 상위노출	₩ 200,000	20000~	키워드별 상이함, 통합검색에서 지식인탭이 없어진 추세	통합검색 탭이 없으면 지식인탭에서 상단노출 권유 가능	하	단톡방 소통	
네이버	서비스툴관리	₩ 300,000	₩ -	1. 네이버 관리 - 네이버광고 등록 / 새소식쓰기 공지 / 네이벙 업데이트 사항 알려주고 적용해주기 / 영업시간 메뉴변경 구정휴무 공지 등 대행 / 악플관리 2. 카카오맵관리 / 구글 관리 - 악플관리 , 영업시간 메뉴변경 구정휴무 공지 등 대행 3. 맛집 플랫폼,네비 관리 - 악플 관리, 영업시간 메뉴변경 구정휴무 공지 등 대행 밑에 부분들도 관리하면서 매장을 간접 운용해본다 생각하면서 대행해주세요. 외식업 서비스툴관리 개별 점포 월 30만원에 직원 고용 느낌 1. 네이버 플레이스 관리 - 연휴 휴무 공지 / 주단위 새소식쓰기 공지(플레이스 가산점용) / 업데이트 내용 공유(업데이트 있을 시)및 적용_대표키워드 변경, 상세설명 변경 등) / 메뉴가격 인상, 메뉴 변경, 전화번호 변경, 사진 변경 등 단톡에서 얘기해주시면 담당자가 변경 / 악플 관리 2. 카카오맵 관리 - 악플 관리, 리뷰 작업 월 2건 지원 / 메뉴가격 인상, 메뉴 변경, 전화번호 변경, 사진 변경 등 단톡에서 얘기해주시면 담당자가 변경 3. 구글맵 관리 - 악플 관리 / 메뉴가격 인상, 메뉴 변경, 전화번호 변경, 사진 변경 등 단톡에서 얘기해주시면 담당자가 변경 4. 맛집 플랫폼 관리 - 맛집 플랫폼 정보 변경 시 변경 및 악플 등 관리 *악플 관리는 네이버는 신고센터 처리 할 지 답글로 대응할 지 판단. 나머지 매체도 다량 신고처리 할지 답글로 대응할지 판단 5. 월 플레이스 통계 등 공유 및 전략 추천 6. 기타 매장 마케팅 전략 운영 및 메뉴 구상 브레인스토밍	마케팅 필수 상품 중 하나긴 함. 내부에 마케팅 담당자 혹은 사장님이 직접 하셔야 하는 부분들인데 현실적으로 어려움	상	단톡방 소통	
네이버	플레이스 트래픽	협의	협의	상위노출 보장은 아니란거 고지	플레이스 저장 클릭 공유 트래픽 작업	상		
네이버	플레이스 상위노출 일 보장	협의	협의	3개월 이상 진행 / 10위이내 및 5위이내 단가가 다름		상	홍인표이사와 소통	
포털	언론송출	₩ 150,000	등급별 상이	송출료 원고료 교정비 검수비 포함으로 턴키로 받는게 요령 / 이슈가 있어야 함 / 객관적인 내용으로 서술	일반~B급 15만원 / A급 30만원부터 / S급 70만원부터	중	컨펌된 원고 및 사진 김대한 대표에게 전달	
네이버	SA	예산별	예산별	상위대행사에 마크업 필수	파워링크/지역소상공인광고/플레이스검색광고/쇼핑검색광고 등	상	상위대행사 이관-> 소재 세팅->통계보며 보고 및 피드백 -> 관리	
네이버	DA	예산별	예산별	상위대행사에 마크업 필수	브랜딩DA / 스페셜 DA 등	하	상위대행사 이관-> 소재 세팅->통계보며 보고 및 피드백 -> 관리	
인스타	운영대행	예산별	예산별	디자인 콘텐츠 / 영상 콘텐츠 별개로 견적 작성	건별 월단위 분기단위 연단위 등 자유로이 계약	중	컨셉 및 기획 회의->미팅->운영대행	
메타	타겟광고	예산의 1.3배	예산별	운용수수료 별도로 받아야 함	예산별 픽셀 심기 등 통계 활용	상	기획회의-> 디자인 및 영상소재 제작->타겟광고 ->통계 분석	
인스타	비쥬얼셀럽	셀럽별 상이	셀럽별 상이	광고문구 삽입 고지		중	플친 컨트롤	
인스타	먹스타 PPL	먹스타별 상이	먹스타별 상이	광고문구 삽입 고지		상	먹스타 커뮤니티 컨트롤	
인스타	커뮤니티외 먹스타PPL			라인애드쪽(푸짐스,털보 등),맛집경보기쪽		중		
인스타	인스타 체험단	₩ 30,000	₩ 8,000	광고문구 삽입 고지,팔로워 수 보장은X , 방문형(5팀이상) / 배송형(10팀이상)	해시태그 등 가이드 미리 받기	하	클라이언트에게 양식 받기->10일 모집 10일 체험 10일 포스팅 원칙_융통성 있게	
인스타	인기게시 작업	키워드별 상이	키워드별 상이	25일 보장		하		
메타	파워매체	매체별 상이	매체별 상이	건별 진행	오늘뭐먹지,서울여행,20대뭐하지 등	하	매체 대행가 확인 -> 소재 전달 -> 게시 및 보고	
구글	SA	예산별	예산별	상위대행사에 마크업 필수	구글지도검색광고,구글검색광고 등	중	상위대행사 이관-> 소재 세팅->통계보며 보고 및 피드백 -> 관리	
구글	DA	예산별	예산별	상위대행사에 마크업 필수	구글 디스플레이 광고 등	중	상위대행사 이관-> 소재 세팅->통계보며 보고 및 피드백 -> 관리	
구글	리뷰작업	₩ 5,000	₩ 1,000	삭제 되거나 블라인드 될 수 있음 고지	현금 거래	상	실장님께 알바풀 전달	
유튜브	구글애즈	예산별	예산별	상위대행사에 마크업 필수	인스트림,범퍼애드 등	상	상위대행사 이관-> 소재 세팅->통계보며 보고 및 피드백 -> 관리	
유튜브	유튜버 PPL	예산별	예산별	사전 유튜버 소통 필수	예산 체크	중	사전 소통 -> 컨셉기획 및 회의 -> 유튜버 전달 및 촬영	
카카오	리뷰작업	₩ 5,000	₩ 1,000	삭제 되거나 블라인드 될 수 있음 고지	현금 거래	상	실장님께 알바풀 전달	
카카오	톡채널 운용	예산별	예산별	내부 친구 추가 유도 중점		중		
카카오	비즈톡	예산별	예산별	고객생애주기 고려		중	기획 회의->소재컨펌->소재 비즈톡 진행	
IMC	CMO 서비스	예산별	예산별	교환가치 성립 중점적으로 체크	월 예산에서 유동적으로 클라이언트의 마케팅팀이 되었다 생각	상	예산 선정 -> 매월 시작 및 종료일 스케줄링 체크 ->수시 관리 -> 월별 관리->입금요청	
IMC	상생매니징서비스	₩ 1,000,000	₩ -	매월 유료 플러그인 결제 있다고 고지_월관리비 계약시 플러그인비용은 SSA에서 부담 / 워드프레스 홈페이지 제작 선행 필요	초기 세팅비이며 월 관리비 받으며 관리 가능 _ 퍼널 마케팅에 필요한 시스템	중	홈페이지 제작 시 상생매니징서비스 도입	
IMC	마케팅 기획	협의	협의	기타 필요한 마케팅 솔루션 및 플랜 기획 _ 내부 이벤트 추천 / 옥외광고물 기획 /행사 기획 등		상		
IMC	상생 먹스타 파티	₩ 6,000,000	대략 3000000(3600000)	스폰서 기업 있는거 고지	베이직 : 먹스타30명+a / 비쥬얼셀럽 5+a 프리미엄 : 베이직 / 틱톡라이브 인플루언서 VIP : 프리미엄 / 일본 인플루언서 / 인도네시아 릴스	상	사전 기획회의->미팅 및 실사->커뮤니티 통해 모집 및 제반사항 준비 -> 파티진행	
해외	일본 현지 인플루언서 PPL패키지	₩ 1,000,000	₩ 750,000			하		
해외	일본 현지 인플루언서 기자단	등급별 상이	등급별 상이			상		
해외	인도네시아 현지 먹스타 PPL	등급별 상이	등급별 상이			중		
해외	미국 인플루언서 PPL	등급별 상이	등급별 상이			중		
해외	중국 체험단	₩ 100,000	₩ 33,000	팔로워수 보장 X	샤오홍슈,웨이보,따중디엔핑 중 2개 업로드 / 씨딩의 개념	하	레뷰차이나측 소통	
커뮤니티	커뮤니티바이럴	₩ 80,000	₩ 50,000	가능한 곳에 커뮤니티 공략 하겠다로 융통성 있게 계약	뽐뿌,에펨코리아,여성시대 등 커뮤니티 바이럴	중		
커뮤니티	전국 대학생 동아리 단톡 침투	₩ 200,000	₩ 150,000	타겟 및 지역에 맞춰 알아서 선정해서 진행	우선 레퍼런스구축위해 CMO 진행	중		
커뮤니티	당근마켓 운영	협의	협의	동네광고와 버무려서 계약 가능		하		
커뮤니티	당근마켓 동네광고 대행	예산별	예산별	콘텐츠비 별도	운영수수료 및 콘텐츠비 별도 책정	상		
	먹스타 기자단 패키지	₩ 1,800,000				상		
기타	디자인팀 / 영상사업부 / 개발팀 연계							